{"STD": [0.7073998969665006, 20.723254359594765, 0.04205580081930757, 1.806049116774335, 10537.280950784536, 0.6669265443463034, 0.3230220467268621, 0.7073998969665006, 21.915134590327547, 0.041930312704940166, 2.1853368101323016, 12159.270473895935, 0.6583300491884845, 0.2783388277157861, 0.49615520372952404, 0.7073998969665006, 21.940865435258704, 0.04309942253459068, 1.9438137081669407, 10843.818165833383, 0.635086265920359, 0.31997490491335173, 0.49794782892758077, 0.7073998969665006, 22.69126913625345, 0.040415734644678306, 2.313805283418733, 12859.18864559492, 0.6368695481786009, 0.31630015471594514, 0.4979935239976793, 0.7073998969665006, 20.812759692740965, 0.04149513373833877, 2.169189229025256, 12249.435540423725, 0.6378504486666494, 0.26699420729844636, 0.4908016643279812, 0.7073998969665006, 21.677306994757657, 0.04209629276313361, 2.0780290310381497, 11317.531404793323, 0.5925256799082228, 0.32453687557941824, 0.49742602250011875, 0.7073998969665006, 20.207486779118177, 0.0412236811954885, 1.7975246939929144, 9933.004069379416, 0.6608188294100579, 0.30841861882164306, 0.495812260046971, 0.7073998969665006, 21.336766659378995, 0.04368500263156547, 2.3137725537820373, 12553.172700173936, 0.6462936596724541, 0.3009127878026736, 0.49952136985367485], "MEAN": [0.0008146096131799326, 51.26565752417875, 0.0006261595681670708, 3.2776437999022323, 15082.474546300034, -0.14961979224172264, 0.11834772690239531, 0.0008146096131799326, 49.28391840023179, 2.43924439581931e-05, 2.280576829069578, 14172.293122124216, -0.050143969780329915, 0.08463418608440607, 0.5619195046439629, 0.0008146096131799326, 52.990506556521716, 0.0008559358923624815, 2.978393351800554, 16591.148844088126, -0.022896784183947323, 0.11578947368421053, 0.4547009939709956, 0.0008146096131799326, 46.04672021431771, 0.0008443854264613624, 2.286491771223725, 15847.679931860705, -0.1347450738943463, 0.11275867687795339, 0.5447938732279616, 0.0008146096131799326, 54.112693244510105, 0.00033806505219653965, 2.1715659116832327, 14970.654527469695, -0.05828554148243644, 0.07725272934658628, 0.5954863940035848, 0.0008146096131799326, 48.42410541728671, 0.0006446365526820106, 2.7870457878442236, 13953.585328027093, -0.089233524750248, 0.11963500081473033, 0.44929118461789147, 0.0008146096131799326, 58.87106859523812, 0.0008892482108263329, 3.0069089131497475, 17190.246291655592, -0.06271647438630526, 0.10645266416816034, 0.43539188528597034, 0.0008146096131799326, 46.4571938665503, 0.0010357244904173506, 2.315153984031286, 15989.653038392722, -0.14071821872895107, 0.10068437347238064, 0.5219651295421216]}