{"STD": [0.7072258873751095, 0.7052833308053766, 20.776694388353878, 0.2168570509869297, 17.11916958729281, 5.208468697591493, 0.6779083617296621, 0.7243060448778574, 1.7832259772468717, 0.3330073298502647, 0.7072258873751095, 0.7052833308053766, 22.252104909946397, 0.21886160978288993, 17.828419259296883, 5.88724996252098, 0.6618388758943592, 0.7484540177582754, 1.9946955986720003, 0.29311878530376156, 0.4993970627772091, 0.7072258873751095, 0.7052833308053766, 22.222435236121555, 0.2231589117171778, 17.094959417455136, 5.429365869381765, 0.643240756256485, 0.764793186390181, 1.9453266076788192, 0.3255498917716182, 0.49525064166374133, 0.7072258873751095, 0.7052833308053766, 21.840871148700444, 0.2213379284916967, 17.45685314847097, 4.858264186750307, 0.5941163035202526, 0.7944262421165476, 2.102224267665577, 0.33582078437573615, 0.5000002185806588, 0.7072258873751095, 0.7052833308053766, 22.957759135938673, 0.21933560273760067, 16.284239803553344, 5.86299192975773, 0.6348404789951391, 0.7558902526500345, 2.2634301172647278, 0.3170834568518262, 0.49706534286877346, 0.7072258873751095, 0.7052833308053766, 20.934136351960227, 0.21120194677335857, 17.68623302577453, 5.096838487672616, 0.6421560589162757, 0.7600033420286537, 2.0132595589357414, 0.2814238489203013, 0.45079538881257053, 0.7072258873751095, 0.7052833308053766, 20.290151219780814, 0.20526895947542792, 17.613357235331478, 5.110906312852071, 0.6656514277912895, 0.7429059674451621, 1.7560139933766417, 0.32133300736493553, 0.49511754058552865, 0.7072258873751095, 0.7052833308053766, 21.490105720899276, 0.22995503414556095, 16.120163241694076, 5.312098202346391, 0.6446924537070595, 0.7531263303287549, 2.290860521716435, 0.2991657874234573, 0.4995670139083838, 0.7072258873751095, 0.7052833308053766, 20.195692430103072, 0.2002891006534045, 17.49091153378445, 5.249812844362507, 0.6857007421226925, 0.7125711429756821, 1.824255250555854, 0.3463461481245096, 0.48234751341823257, 0.7072258873751095, 0.7052833308053766, 20.275373868050593, 0.22023595982154365, 17.122809851302293, 5.388370634824981, 0.65253325627966, 0.7404836624505089, 1.9737165657715598, 0.3661098081734999, 0.4870314830139442], "MEAN": [0.005862944386191759, 0.04881626366292221, 50.84123560417073, 30.0076727757689, 66.75714547840128, 9.69540791859868, -0.12484600233377902, -0.01564532038488508, 3.3157476361810727, 0.1270291189021839, 0.005862944386191759, 0.04881626366292221, 48.047402459302624, 29.99705671725499, 74.68730114925924, 9.792950212957939, -0.042346422309340284, 0.0017626316403451616, 2.591237134967785, 0.0949292946196971, 0.5246004518450339, 0.005862944386191759, 0.04881626366292221, 51.417199357920964, 30.00425749595788, 66.35087529014542, 9.605456823123241, -0.012040044587388356, -0.03461494337181054, 3.0705484896661366, 0.12050246841268514, 0.43122960421722034, 0.005862944386191759, 0.04881626366292221, 47.488975002906656, 29.996216748406997, 70.07933618741454, 7.109337779035926, -0.08308636653788647, 0.0949721662478776, 2.5614906702368003, 0.1295602878420216, 0.4984520123839009, 0.005862944386191759, 0.04881626366292221, 45.30966693393159, 29.98995728374782, 72.26743291857426, 11.251278624353317, -0.13762786009652145, -0.08170835844826918, 2.242239143167936, 0.11340055225504142, 0.5541168103087608, 0.005862944386191759, 0.04881626366292221, 52.99524986147905, 30.017729000371045, 69.39113886356864, 9.099189559161399, -0.05342145868894364, -0.0847762839266843, 3.6753095975232197, 0.08671868462890135, 0.2837001087775082, 0.005862944386191759, 0.04881626366292221, 57.51870525032285, 30.034351620344466, 63.423423782257046, 8.548706060132105, -0.0676506415976943, -0.02080139408342911, 3.0870010877750818, 0.11692536189440214, 0.43027780102083507, 0.005862944386191759, 0.04881626366292221, 45.60767473979547, 29.9915328726712, 72.03562645525659, 8.358459657840442, -0.12731428657693505, 0.03120453325282853, 2.3250460212534514, 0.0993745293280897, 0.520866454689984, 0.005862944386191759, 0.04881626366292221, 53.374759684521905, 30.024958634934507, 68.7715170395608, 9.415042442199942, -0.11337288616627737, -0.09598789406799962, 3.2888461216634592, 0.13938164170362313, 0.36830599949794995, 0.005862944386191759, 0.04881626366292221, 48.322212265817114, 30.010927753299217, 70.2968455756478, 8.31840260571879, -0.16083806470495507, 0.0050597111626929925, 3.157957493096812, 0.15946364320977324, 0.3868504727637855]}