{"STD": [0.7073998969665006, 20.723254359594765, 17.12005346790332, 0.2144920529807115, 0.04205580081930757, 1.806049116774335, 10.39380111835049, 0.6669265443463034, 0.7299445941616469, 2.053680177830559, 0.1898511642446992, 0.10596477950971481, 0.7073998969665006, 21.915134590327547, 18.257447863019173, 0.21730532576722833, 0.041930312704940166, 2.1853368101323016, 10.044557006895621, 0.6583300491884845, 0.7508387435021265, 2.445415840541616, 0.15576633879056404, 0.11625915510559459, 0.2783388277157861, 0.7073998969665006, 21.940865435258704, 17.26052308468885, 0.22150325107707228, 0.04309942253459068, 1.9438137081669407, 10.109782760274706, 0.635086265920359, 0.7702379949952283, 2.07006219773826, 0.2000115993714625, 0.1245979087601366, 0.31997490491335173, 0.7073998969665006, 22.69126913625345, 16.54209669870069, 0.2183868009915008, 0.040415734644678306, 2.313805283418733, 10.751673803741369, 0.6368695481786009, 0.7525905557727466, 2.574687380636439, 0.20094236191226778, 0.10513481934092199, 0.31630015471594514, 0.7073998969665006, 21.677306994757657, 17.381331525430685, 0.21966309315633317, 0.04209629276313361, 2.0780290310381497, 8.504948490666719, 0.5925256799082228, 0.7970571754388945, 2.352843977007576, 0.20824563021818568, 0.10826793730245325, 0.32453687557941824, 0.7073998969665006, 21.336766659378995, 16.271383494183958, 0.22850212778719434, 0.04368500263156547, 2.3137725537820373, 8.945299726940805, 0.6462936596724541, 0.7499633900593631, 2.3880024196571803, 0.18337049782938608, 0.08699336278075974, 0.3009127878026736, 0.7073998969665006, 20.351069195057693, 17.01986052978859, 0.21627547647393977, 0.041975141223479964, 2.208775773450425, 9.505906872358103, 0.6526677651877837, 0.7363989552159907, 2.411789722265139, 0.22999532882542265, 0.08606599299049528, 0.3420402398957077, 0.7073998969665006, 20.093279692526252, 17.294589872340616, 0.1964889746251343, 0.03984273622759216, 1.817694112669041, 8.903913726526627, 0.6781917884086358, 0.7150050587588583, 2.024877107215999, 0.17561792710048657, 0.11707404558357185, 0.335315716485214], "MEAN": [0.0008146096131799326, 51.26565752417875, 67.56870614050943, 30.007367037885516, 0.0006261595681670708, 3.2776437999022323, 4.798598663842268, -0.14961979224172264, 0.004440883078014549, 9.170302261127881, 0.03744500570311227, 0.011357340720221607, 0.0008146096131799326, 49.28391840023179, 74.98707126433229, 29.99944208689923, 2.43924439581931e-05, 2.280576829069578, 4.107088153821085, -0.050143969780329915, -0.018562278196869113, 8.729509637289825, 0.02488186410298191, 0.013703764054098094, 0.08463418608440607, 0.0008146096131799326, 52.990506556521716, 65.36771502825923, 30.005457450802385, 0.0008559358923624815, 2.978393351800554, 4.267280430177611, -0.022896784183947323, -0.05376655468368622, 9.209318695025726, 0.04174678181521916, 0.015773179077725272, 0.11578947368421053, 0.0008146096131799326, 46.04672021431771, 73.84526442348962, 29.99074313751316, 0.0008443854264613624, 2.286491771223725, 4.610901091738635, -0.1347450738943463, -0.09931886682704588, 8.664777560238367, 0.042154146977350496, 0.011178100048883819, 0.11275867687795339, 0.0008146096131799326, 48.42410541728671, 70.14984224798822, 29.998603364366527, 0.0006446365526820106, 2.7870457878442236, 3.5484601596871435, -0.089233524750248, 0.07527701227026852, 8.913657225027828, 0.04542936288088643, 0.011862473521264462, 0.11963500081473033, 0.0008146096131799326, 46.4571938665503, 73.95489220106747, 29.991636115590634, 0.0010357244904173506, 2.315153984031286, 3.3689424800391072, -0.14071821872895107, 0.008589118735586517, 8.804651220175554, 0.03483786866547173, 0.007625875835098582, 0.10068437347238064, 0.0008146096131799326, 49.25708952346143, 70.00031127577392, 30.013010050833262, 0.000687280360813851, 2.769887567215252, 3.9714192602248657, -0.1779893074290943, -0.008772164826067404, 8.799969496876972, 0.05603715170278638, 0.0074629297702460485, 0.13529411764705881, 0.0008146096131799326, 54.09331012645127, 69.16264718814608, 30.031266036867713, 0.0013113544309690894, 3.257242952582695, 3.082760306338602, -0.12547528391555796, -0.11443531861656134, 9.130030689529553, 0.03185595567867036, 0.013899299331921133, 0.12910216718266254]}