{"STD": [0.7073998969665006, 0.7071232917478959, 20.723254359594765, 0.2144920529807115, 0.04205580081930757, 5.309055857110285, 0.6669265443463034, 0.7073998969665006, 0.7071232917478959, 21.915134590327547, 0.21730532576722833, 0.041930312704940166, 5.8629988653760075, 0.6583300491884845, 0.49615520372952404, 0.7073998969665006, 0.7071232917478959, 21.940865435258704, 0.22150325107707228, 0.04309942253459068, 5.433681554426607, 0.635086265920359, 0.49794782892758077, 0.7073998969665006, 0.7071232917478959, 22.69126913625345, 0.2183868009915008, 0.040415734644678306, 5.854794177358949, 0.6368695481786009, 0.4979935239976793, 0.7073998969665006, 0.7071232917478959, 20.812759692740965, 0.209035117649584, 0.04149513373833877, 5.012851428972532, 0.6378504486666494, 0.4908016643279812, 0.7073998969665006, 0.7071232917478959, 19.69890118128988, 0.1972143789987222, 0.04022037064024233, 5.047194813399037, 0.6219773840393009, 0.4999984911885767], "MEAN": [0.0008146096131799326, 3.203398771850295e-05, 51.26565752417875, 30.007367037885516, 0.0006261595681670708, 9.740925144325022, -0.14961979224172264, 0.0008146096131799326, 3.203398771850295e-05, 49.28391840023179, 29.99944208689923, 2.43924439581931e-05, 9.74757889305305, -0.050143969780329915, 0.5619195046439629, 0.0008146096131799326, 3.203398771850295e-05, 52.990506556521716, 30.005457450802385, 0.0008559358923624815, 9.71395613764686, -0.022896784183947323, 0.4547009939709956, 0.0008146096131799326, 3.203398771850295e-05, 46.04672021431771, 29.99074313751316, 0.0008443854264613624, 11.348812025019848, -0.1347450738943463, 0.5447938732279616, 0.0008146096131799326, 3.203398771850295e-05, 54.112693244510105, 30.022018943881516, 0.00033806505219653965, 9.1251369866532, -0.05828554148243644, 0.5954863940035848, 0.0008146096131799326, 3.203398771850295e-05, 53.176381523985405, 30.038190813721773, 0.0003363177681044716, 7.8274656261396665, -0.16324456797230968, 0.5023627179403617]}