{"STD": [0.7073998969665006, 20.723254359594765, 0.2144920529807115, 0.04205580081930757, 1.806049116774335, 10.39380111835049, 0.6669265443463034, 0.7299445941616469, 2.053680177830559, 0.48531132893458245, 0.10596477950971481, 0.7073998969665006, 21.915134590327547, 0.21730532576722833, 0.041930312704940166, 2.1853368101323016, 10.044557006895621, 0.6583300491884845, 0.7508387435021265, 2.445415840541616, 0.49615520372952404, 0.11625915510559459, 0.2783388277157861, 0.7073998969665006, 21.940865435258704, 0.22150325107707228, 0.04309942253459068, 1.9438137081669407, 10.109782760274706, 0.635086265920359, 0.7702379949952283, 2.07006219773826, 0.49794782892758077, 0.1245979087601366, 0.31997490491335173, 0.7073998969665006, 22.69126913625345, 0.2183868009915008, 0.040415734644678306, 2.313805283418733, 10.751673803741369, 0.6368695481786009, 0.7525905557727466, 2.574687380636439, 0.4979935239976793, 0.10513481934092199, 0.31630015471594514, 0.7073998969665006, 20.812759692740965, 0.209035117649584, 0.04149513373833877, 2.169189229025256, 8.908781890099618, 0.6378504486666494, 0.760246317907201, 2.1190819427803547, 0.4908016643279812, 0.12242460443614764, 0.26699420729844636, 0.7073998969665006, 20.207486779118177, 0.20255494636580165, 0.0412236811954885, 1.7975246939929144, 9.12058865087312, 0.6608188294100579, 0.7472008775824136, 1.8442143990688828, 0.495812260046971, 0.1207345572426211, 0.30841861882164306, 0.7073998969665006, 21.336766659378995, 0.22850212778719434, 0.04368500263156547, 2.3137725537820373, 8.945299726940805, 0.6462936596724541, 0.7499633900593631, 2.3880024196571803, 0.49952136985367485, 0.08699336278075974, 0.3009127878026736], "MEAN": [0.0008146096131799326, 51.26565752417875, 30.007367037885516, 0.0006261595681670708, 3.2776437999022323, 4.798598663842268, -0.14961979224172264, 0.004440883078014549, 9.170302261127881, 0.379680625712889, 0.011357340720221607, 0.0008146096131799326, 49.28391840023179, 29.99944208689923, 2.43924439581931e-05, 2.280576829069578, 4.107088153821085, -0.050143969780329915, -0.018562278196869113, 8.729509637289825, 0.5619195046439629, 0.013703764054098094, 0.08463418608440607, 0.0008146096131799326, 52.990506556521716, 30.005457450802385, 0.0008559358923624815, 2.978393351800554, 4.267280430177611, -0.022896784183947323, -0.05376655468368622, 9.209318695025726, 0.4547009939709956, 0.015773179077725272, 0.11578947368421053, 0.0008146096131799326, 46.04672021431771, 29.99074313751316, 0.0008443854264613624, 2.286491771223725, 4.610901091738635, -0.1347450738943463, -0.09931886682704588, 8.664777560238367, 0.5447938732279616, 0.011178100048883819, 0.11275867687795339, 0.0008146096131799326, 54.112693244510105, 30.022018943881516, 0.00033806505219653965, 2.1715659116832327, 3.2761121068926187, -0.05828554148243644, -0.1085872196785844, 9.128755906647909, 0.5954863940035848, 0.015219162457226657, 0.07725272934658628, 0.0008146096131799326, 58.87106859523812, 30.039976218322046, 0.0008892482108263329, 3.0069089131497475, 3.694003584813427, -0.06271647438630526, -0.0330481475935624, 9.264933010619439, 0.43539188528597034, 0.01479550268861007, 0.10645266416816034, 0.0008146096131799326, 46.4571938665503, 29.991636115590634, 0.0010357244904173506, 2.315153984031286, 3.3689424800391072, -0.14071821872895107, 0.008589118735586517, 8.804651220175554, 0.5219651295421216, 0.007625875835098582, 0.10068437347238064]}