{"STD": [0.7071017918911772, 19.269214246573917, 17.12005346790332, 0.04205580081930757, 1.806049116774335, 0.10596477950971481, 0.7071017918911772, 20.59618037756804, 18.257447863019173, 0.041930312704940166, 2.1853368101323016, 0.11625915510559459, 21.915134590327547, 0.7071017918911772, 20.489264760013846, 17.26052308468885, 0.04309942253459068, 1.9438137081669407, 0.1245979087601366, 21.940865435258704, 0.7071017918911772, 21.22005944284786, 16.54209669870069, 0.040415734644678306, 2.313805283418733, 0.10513481934092199, 22.69126913625345], "MEAN": [4.217354490797609e-06, 39.799147645530624, 67.56870614050943, 0.0006261595681670708, 3.2776437999022323, 0.011357340720221607, 4.217354490797609e-06, 40.625407306967055, 74.98707126433229, 2.43924439581931e-05, 2.280576829069578, 0.013703764054098094, 49.28391840023179, 4.217354490797609e-06, 40.47023401512039, 65.36771502825923, 0.0008559358923624815, 2.978393351800554, 0.015773179077725272, 52.990506556521716, 4.217354490797609e-06, 37.23203148891557, 73.84526442348962, 0.0008443854264613624, 2.286491771223725, 0.011178100048883819, 46.04672021431771]}