{"STD": [0.7071017918911772, 0.7071232917478959, 17.12005346790332, 0.2144920529807115, 0.04205580081930757, 0.7071017918911772, 0.7071232917478959, 18.257447863019173, 0.21730532576722833, 0.041930312704940166, 5.8629988653760075, 0.7071017918911772, 0.7071232917478959, 17.26052308468885, 0.22150325107707228, 0.04309942253459068, 5.433681554426607, 0.7071017918911772, 0.7071232917478959, 17.749862002888186, 0.209035117649584, 0.04149513373833877, 5.012851428972532, 0.7071017918911772, 0.7071232917478959, 17.381331525430685, 0.21966309315633317, 0.04209629276313361, 4.835945198785458, 0.7071017918911772, 0.7071232917478959, 17.189041963344796, 0.20255494636580165, 0.0412236811954885, 5.010912195885987, 0.7071017918911772, 0.7071232917478959, 17.01986052978859, 0.21627547647393977, 0.041975141223479964, 5.444063907799724, 0.7071017918911772, 0.7071232917478959, 17.294589872340616, 0.1964889746251343, 0.03984273622759216, 5.223058304950695], "MEAN": [4.217354490797609e-06, 3.203398771850295e-05, 67.56870614050943, 30.007367037885516, 0.0006261595681670708, 4.217354490797609e-06, 3.203398771850295e-05, 74.98707126433229, 29.99944208689923, 2.43924439581931e-05, 9.74757889305305, 4.217354490797609e-06, 3.203398771850295e-05, 65.36771502825923, 30.005457450802385, 0.0008559358923624815, 9.71395613764686, 4.217354490797609e-06, 3.203398771850295e-05, 68.79583450695561, 30.022018943881516, 0.00033806505219653965, 9.1251369866532, 4.217354490797609e-06, 3.203398771850295e-05, 70.14984224798822, 29.998603364366527, 0.0006446365526820106, 7.119042607809536, 4.217354490797609e-06, 3.203398771850295e-05, 62.197922171974646, 30.039976218322046, 0.0008892482108263329, 8.457343113859347, 4.217354490797609e-06, 3.203398771850295e-05, 70.00031127577392, 30.013010050833262, 0.000687280360813851, 8.426941955578505, 4.217354490797609e-06, 3.203398771850295e-05, 69.16264718814608, 30.031266036867713, 0.0013113544309690894, 9.433824292413194]}