{"STD": [0.7073998969665006, 19.269214246573917, 1.806049116774335, 10537.280950784536, 0.10596477950971481, 0.7073998969665006, 20.59618037756804, 2.1853368101323016, 12159.270473895935, 0.11625915510559459, 0.49615520372952404, 0.7073998969665006, 21.22005944284786, 2.313805283418733, 12859.18864559492, 0.10513481934092199, 0.4979935239976793, 0.7073998969665006, 20.339070558872898, 2.0780290310381497, 11317.531404793323, 0.10826793730245325, 0.49742602250011875, 0.7073998969665006, 18.99448325475584, 1.7975246939929144, 9933.004069379416, 0.1207345572426211, 0.495812260046971, 0.7073998969665006, 20.51853115320892, 2.3137725537820373, 12553.172700173936, 0.08699336278075974, 0.49952136985367485], "MEAN": [0.0008146096131799326, 39.799147645530624, 3.2776437999022323, 15082.474546300034, 0.011357340720221607, 0.0008146096131799326, 40.625407306967055, 2.280576829069578, 14172.293122124216, 0.013703764054098094, 0.5619195046439629, 0.0008146096131799326, 37.23203148891557, 2.286491771223725, 15847.679931860705, 0.011178100048883819, 0.5447938732279616, 0.0008146096131799326, 38.0888369072132, 2.7870457878442236, 13953.585328027093, 0.011862473521264462, 0.44929118461789147, 0.0008146096131799326, 44.704289699175256, 3.0069089131497475, 17190.246291655592, 0.01479550268861007, 0.43539188528597034, 0.0008146096131799326, 37.80700790170845, 2.315153984031286, 15989.653038392722, 0.007625875835098582, 0.5219651295421216]}