{"STD": [0.038618735344733646, 0.2144920529807115, 10537.280950784536, 5.309055857110285, 10.39380111835049, 0.48531132893458245, 0.10596477950971481, 0.03793902536911676, 0.21730532576722833, 12159.270473895935, 5.8629988653760075, 10.044557006895621, 0.49615520372952404, 0.11625915510559459, 0.2783388277157861, 0.03910909898854082, 0.22150325107707228, 10843.818165833383, 5.433681554426607, 10.109782760274706, 0.49794782892758077, 0.1245979087601366, 0.31997490491335173, 0.03496340586304495, 0.2183868009915008, 12859.18864559492, 5.854794177358949, 10.751673803741369, 0.4979935239976793, 0.10513481934092199, 0.31630015471594514, 0.03885004236933648, 0.209035117649584, 12249.435540423725, 5.012851428972532, 8.908781890099618, 0.4908016643279812, 0.12242460443614764, 0.26699420729844636, 0.03819293721294765, 0.21966309315633317, 11317.531404793323, 4.835945198785458, 8.504948490666719, 0.49742602250011875, 0.10826793730245325, 0.32453687557941824, 0.0421783445341107, 0.20255494636580165, 9933.004069379416, 5.010912195885987, 9.12058865087312, 0.495812260046971, 0.1207345572426211, 0.30841861882164306], "MEAN": [0.005507576992015227, 30.007367037885516, 15082.474546300034, 9.740925144325022, 4.798598663842268, 0.379680625712889, 0.011357340720221607, 0.004479142903698649, 29.99944208689923, 14172.293122124216, 9.74757889305305, 4.107088153821085, 0.5619195046439629, 0.013703764054098094, 0.08463418608440607, 0.00501425778067422, 30.005457450802385, 16591.148844088126, 9.71395613764686, 4.267280430177611, 0.4547009939709956, 0.015773179077725272, 0.11578947368421053, 0.004823122046602216, 29.99074313751316, 15847.679931860705, 11.348812025019848, 4.610901091738635, 0.5447938732279616, 0.011178100048883819, 0.11275867687795339, 0.004517109336809316, 30.022018943881516, 14970.654527469695, 9.1251369866532, 3.2761121068926187, 0.5954863940035848, 0.015219162457226657, 0.07725272934658628, 0.005227880071695848, 29.998603364366527, 13953.585328027093, 7.119042607809536, 3.5484601596871435, 0.44929118461789147, 0.011862473521264462, 0.11963500081473033, 0.00591420889685476, 30.039976218322046, 17190.246291655592, 8.457343113859347, 3.694003584813427, 0.43539188528597034, 0.01479550268861007, 0.10645266416816034]}