{"STD": [0.7071017918911772, 19.269214246573917, 0.7071017918911772, 20.59618037756804, 0.2783388277157861, 0.7071017918911772, 20.489264760013846, 0.31997490491335173, 0.7071017918911772, 19.686581721996475, 0.26699420729844636, 0.7071017918911772, 20.339070558872898, 0.32453687557941824, 0.7071017918911772, 20.51853115320892, 0.3009127878026736, 0.7071017918911772, 18.730939895440255, 0.335315716485214], "MEAN": [4.217354490797609e-06, 39.799147645530624, 4.217354490797609e-06, 40.625407306967055, 0.08463418608440607, 4.217354490797609e-06, 40.47023401512039, 0.11578947368421053, 4.217354490797609e-06, 42.953834439825606, 0.07725272934658628, 4.217354490797609e-06, 38.0888369072132, 0.11963500081473033, 4.217354490797609e-06, 37.80700790170845, 0.10068437347238064, 4.217354490797609e-06, 43.123781984631314, 0.12910216718266254]}