{"STD": [0.7073998969665006, 20.723254359594765, 0.2144920529807115, 0.04205580081930757, 0.7073998969665006, 21.915134590327547, 0.21730532576722833, 0.041930312704940166, 0.49615520372952404, 0.7073998969665006, 21.940865435258704, 0.22150325107707228, 0.04309942253459068, 0.49794782892758077, 0.7073998969665006, 22.69126913625345, 0.2183868009915008, 0.040415734644678306, 0.4979935239976793, 0.7073998969665006, 21.677306994757657, 0.21966309315633317, 0.04209629276313361, 0.49742602250011875, 0.7073998969665006, 20.207486779118177, 0.20255494636580165, 0.0412236811954885, 0.495812260046971, 0.7073998969665006, 21.336766659378995, 0.22850212778719434, 0.04368500263156547, 0.49952136985367485, 0.7073998969665006, 20.351069195057693, 0.21627547647393977, 0.041975141223479964, 0.49775057637263254, 0.7073998969665006, 20.093279692526252, 0.1964889746251343, 0.03984273622759216, 0.48327044154974585], "MEAN": [0.0008146096131799326, 51.26565752417875, 30.007367037885516, 0.0006261595681670708, 0.0008146096131799326, 49.28391840023179, 29.99944208689923, 2.43924439581931e-05, 0.5619195046439629, 0.0008146096131799326, 52.990506556521716, 30.005457450802385, 0.0008559358923624815, 0.4547009939709956, 0.0008146096131799326, 46.04672021431771, 29.99074313751316, 0.0008443854264613624, 0.5447938732279616, 0.0008146096131799326, 48.42410541728671, 29.998603364366527, 0.0006446365526820106, 0.44929118461789147, 0.0008146096131799326, 58.87106859523812, 30.039976218322046, 0.0008892482108263329, 0.43539188528597034, 0.0008146096131799326, 46.4571938665503, 29.991636115590634, 0.0010357244904173506, 0.5219651295421216, 0.0008146096131799326, 49.25708952346143, 30.013010050833262, 0.000687280360813851, 0.45258269512791266, 0.0008146096131799326, 54.09331012645127, 30.031266036867713, 0.0013113544309690894, 0.3717288577480854]}