{"STD": [0.7071017918911772, 0.038618735344733646, 0.04205580081930757, 1.806049116774335, 10.39380111835049, 0.7071017918911772, 0.03793902536911676, 0.041930312704940166, 2.1853368101323016, 10.044557006895621, 21.915134590327547, 0.7071017918911772, 0.03910909898854082, 0.04309942253459068, 1.9438137081669407, 10.109782760274706, 21.940865435258704, 0.7071017918911772, 0.03496340586304495, 0.040415734644678306, 2.313805283418733, 10.751673803741369, 22.69126913625345, 0.7071017918911772, 0.03885004236933648, 0.04149513373833877, 2.169189229025256, 8.908781890099618, 20.812759692740965, 0.7071017918911772, 0.03819293721294765, 0.04209629276313361, 2.0780290310381497, 8.504948490666719, 21.677306994757657, 0.7071017918911772, 0.03749708156007137, 0.041975141223479964, 2.208775773450425, 9.505906872358103, 20.351069195057693, 0.7071017918911772, 0.042943972970413476, 0.03984273622759216, 1.817694112669041, 8.903913726526627, 20.093279692526252], "MEAN": [4.217354490797609e-06, 0.005507576992015227, 0.0006261595681670708, 3.2776437999022323, 4.798598663842268, 4.217354490797609e-06, 0.004479142903698649, 2.43924439581931e-05, 2.280576829069578, 4.107088153821085, 49.28391840023179, 4.217354490797609e-06, 0.00501425778067422, 0.0008559358923624815, 2.978393351800554, 4.267280430177611, 52.990506556521716, 4.217354490797609e-06, 0.004823122046602216, 0.0008443854264613624, 2.286491771223725, 4.610901091738635, 46.04672021431771, 4.217354490797609e-06, 0.004517109336809316, 0.00033806505219653965, 2.1715659116832327, 3.2761121068926187, 54.112693244510105, 4.217354490797609e-06, 0.005227880071695848, 0.0006446365526820106, 2.7870457878442236, 3.5484601596871435, 48.42410541728671, 4.217354490797609e-06, 0.005278963663027048, 0.000687280360813851, 2.769887567215252, 3.9714192602248657, 49.25708952346143, 4.217354490797609e-06, 0.006631090109173183, 0.0013113544309690894, 3.257242952582695, 3.082760306338602, 54.09331012645127]}