{"STD": [19.269214246573917, 0.038618735344733646, 0.2144920529807115, 1.806049116774335, 5.309055857110285, 0.7299445941616469, 20.59618037756804, 0.03793902536911676, 0.21730532576722833, 2.1853368101323016, 5.8629988653760075, 0.7508387435021265, 21.915134590327547, 20.489264760013846, 0.03910909898854082, 0.22150325107707228, 1.9438137081669407, 5.433681554426607, 0.7702379949952283, 21.940865435258704, 18.99448325475584, 0.0421783445341107, 0.20255494636580165, 1.7975246939929144, 5.010912195885987, 0.7472008775824136, 20.207486779118177, 18.730939895440255, 0.042943972970413476, 0.1964889746251343, 1.817694112669041, 5.223058304950695, 0.7150050587588583, 20.093279692526252], "MEAN": [39.799147645530624, 0.005507576992015227, 30.007367037885516, 3.2776437999022323, 9.740925144325022, 0.004440883078014549, 40.625407306967055, 0.004479142903698649, 29.99944208689923, 2.280576829069578, 9.74757889305305, -0.018562278196869113, 49.28391840023179, 40.47023401512039, 0.00501425778067422, 30.005457450802385, 2.978393351800554, 9.71395613764686, -0.05376655468368622, 52.990506556521716, 44.704289699175256, 0.00591420889685476, 30.039976218322046, 3.0069089131497475, 8.457343113859347, -0.0330481475935624, 58.87106859523812, 43.123781984631314, 0.006631090109173183, 30.031266036867713, 3.257242952582695, 9.433824292413194, -0.11443531861656134, 54.09331012645127]}