{"STD": [0.7071017918911772, 0.038618735344733646, 0.04205580081930757, 1.806049116774335, 10.39380111835049, 0.6669265443463034, 0.10596477950971481, 0.7071017918911772, 0.03793902536911676, 0.041930312704940166, 2.1853368101323016, 10.044557006895621, 0.6583300491884845, 0.11625915510559459, 21.915134590327547, 0.7071017918911772, 0.03910909898854082, 0.04309942253459068, 1.9438137081669407, 10.109782760274706, 0.635086265920359, 0.1245979087601366, 21.940865435258704, 0.7071017918911772, 0.03496340586304495, 0.040415734644678306, 2.313805283418733, 10.751673803741369, 0.6368695481786009, 0.10513481934092199, 22.69126913625345, 0.7071017918911772, 0.03885004236933648, 0.04149513373833877, 2.169189229025256, 8.908781890099618, 0.6378504486666494, 0.12242460443614764, 20.812759692740965], "MEAN": [4.217354490797609e-06, 0.005507576992015227, 0.0006261595681670708, 3.2776437999022323, 4.798598663842268, -0.14961979224172264, 0.011357340720221607, 4.217354490797609e-06, 0.004479142903698649, 2.43924439581931e-05, 2.280576829069578, 4.107088153821085, -0.050143969780329915, 0.013703764054098094, 49.28391840023179, 4.217354490797609e-06, 0.00501425778067422, 0.0008559358923624815, 2.978393351800554, 4.267280430177611, -0.022896784183947323, 0.015773179077725272, 52.990506556521716, 4.217354490797609e-06, 0.004823122046602216, 0.0008443854264613624, 2.286491771223725, 4.610901091738635, -0.1347450738943463, 0.011178100048883819, 46.04672021431771, 4.217354490797609e-06, 0.004517109336809316, 0.00033806505219653965, 2.1715659116832327, 3.2761121068926187, -0.05828554148243644, 0.015219162457226657, 54.112693244510105]}