{"STD": [0.7073998969665006, 0.7071017918911772, 20.723254359594765, 0.04205580081930757, 1.806049116774335, 10537.280950784536, 0.7073998969665006, 0.7071017918911772, 21.915134590327547, 0.041930312704940166, 2.1853368101323016, 12159.270473895935, 5.8629988653760075, 0.7073998969665006, 0.7071017918911772, 21.940865435258704, 0.04309942253459068, 1.9438137081669407, 10843.818165833383, 5.433681554426607, 0.7073998969665006, 0.7071017918911772, 21.677306994757657, 0.04209629276313361, 2.0780290310381497, 11317.531404793323, 4.835945198785458, 0.7073998969665006, 0.7071017918911772, 20.207486779118177, 0.0412236811954885, 1.7975246939929144, 9933.004069379416, 5.010912195885987], "MEAN": [0.0008146096131799326, 4.217354490797609e-06, 51.26565752417875, 0.0006261595681670708, 3.2776437999022323, 15082.474546300034, 0.0008146096131799326, 4.217354490797609e-06, 49.28391840023179, 2.43924439581931e-05, 2.280576829069578, 14172.293122124216, 9.74757889305305, 0.0008146096131799326, 4.217354490797609e-06, 52.990506556521716, 0.0008559358923624815, 2.978393351800554, 16591.148844088126, 9.71395613764686, 0.0008146096131799326, 4.217354490797609e-06, 48.42410541728671, 0.0006446365526820106, 2.7870457878442236, 13953.585328027093, 7.119042607809536, 0.0008146096131799326, 4.217354490797609e-06, 58.87106859523812, 0.0008892482108263329, 3.0069089131497475, 17190.246291655592, 8.457343113859347]}