{"STD": [0.7073998969665006, 0.7071017918911772, 17.12005346790332, 0.038618735344733646, 0.04205580081930757, 10.39380111835049, 0.7299445941616469, 0.10596477950971481, 0.7073998969665006, 0.7071017918911772, 18.257447863019173, 0.03793902536911676, 0.041930312704940166, 10.044557006895621, 0.7508387435021265, 0.11625915510559459, 5.8629988653760075, 0.7073998969665006, 0.7071017918911772, 17.26052308468885, 0.03910909898854082, 0.04309942253459068, 10.109782760274706, 0.7702379949952283, 0.1245979087601366, 5.433681554426607, 0.7073998969665006, 0.7071017918911772, 16.54209669870069, 0.03496340586304495, 0.040415734644678306, 10.751673803741369, 0.7525905557727466, 0.10513481934092199, 5.854794177358949, 0.7073998969665006, 0.7071017918911772, 17.749862002888186, 0.03885004236933648, 0.04149513373833877, 8.908781890099618, 0.760246317907201, 0.12242460443614764, 5.012851428972532], "MEAN": [0.0008146096131799326, 4.217354490797609e-06, 67.56870614050943, 0.005507576992015227, 0.0006261595681670708, 4.798598663842268, 0.004440883078014549, 0.011357340720221607, 0.0008146096131799326, 4.217354490797609e-06, 74.98707126433229, 0.004479142903698649, 2.43924439581931e-05, 4.107088153821085, -0.018562278196869113, 0.013703764054098094, 9.74757889305305, 0.0008146096131799326, 4.217354490797609e-06, 65.36771502825923, 0.00501425778067422, 0.0008559358923624815, 4.267280430177611, -0.05376655468368622, 0.015773179077725272, 9.71395613764686, 0.0008146096131799326, 4.217354490797609e-06, 73.84526442348962, 0.004823122046602216, 0.0008443854264613624, 4.610901091738635, -0.09931886682704588, 0.011178100048883819, 11.348812025019848, 0.0008146096131799326, 4.217354490797609e-06, 68.79583450695561, 0.004517109336809316, 0.00033806505219653965, 3.2761121068926187, -0.1085872196785844, 0.015219162457226657, 9.1251369866532]}