{"STD": [0.7073998969665006, 0.7071017918911772, 0.7071232917478959, 19.269214246573917, 17.12005346790332, 0.2144920529807115, 0.04205580081930757, 10537.280950784536, 10.39380111835049, 0.6669265443463034, 0.7299445941616469, 0.7073998969665006, 0.7071017918911772, 0.7071232917478959, 20.59618037756804, 18.257447863019173, 0.21730532576722833, 0.041930312704940166, 12159.270473895935, 10.044557006895621, 0.6583300491884845, 0.7508387435021265, 5.8629988653760075, 0.7073998969665006, 0.7071017918911772, 0.7071232917478959, 20.489264760013846, 17.26052308468885, 0.22150325107707228, 0.04309942253459068, 10843.818165833383, 10.109782760274706, 0.635086265920359, 0.7702379949952283, 5.433681554426607, 0.7073998969665006, 0.7071017918911772, 0.7071232917478959, 21.22005944284786, 16.54209669870069, 0.2183868009915008, 0.040415734644678306, 12859.18864559492, 10.751673803741369, 0.6368695481786009, 0.7525905557727466, 5.854794177358949, 0.7073998969665006, 0.7071017918911772, 0.7071232917478959, 19.686581721996475, 17.749862002888186, 0.209035117649584, 0.04149513373833877, 12249.435540423725, 8.908781890099618, 0.6378504486666494, 0.760246317907201, 5.012851428972532, 0.7073998969665006, 0.7071017918911772, 0.7071232917478959, 18.730939895440255, 17.294589872340616, 0.1964889746251343, 0.03984273622759216, 10432.158429584637, 8.903913726526627, 0.6781917884086358, 0.7150050587588583, 5.223058304950695], "MEAN": [0.0008146096131799326, 4.217354490797609e-06, 3.203398771850295e-05, 39.799147645530624, 67.56870614050943, 30.007367037885516, 0.0006261595681670708, 15082.474546300034, 4.798598663842268, -0.14961979224172264, 0.004440883078014549, 0.0008146096131799326, 4.217354490797609e-06, 3.203398771850295e-05, 40.625407306967055, 74.98707126433229, 29.99944208689923, 2.43924439581931e-05, 14172.293122124216, 4.107088153821085, -0.050143969780329915, -0.018562278196869113, 9.74757889305305, 0.0008146096131799326, 4.217354490797609e-06, 3.203398771850295e-05, 40.47023401512039, 65.36771502825923, 30.005457450802385, 0.0008559358923624815, 16591.148844088126, 4.267280430177611, -0.022896784183947323, -0.05376655468368622, 9.71395613764686, 0.0008146096131799326, 4.217354490797609e-06, 3.203398771850295e-05, 37.23203148891557, 73.84526442348962, 29.99074313751316, 0.0008443854264613624, 15847.679931860705, 4.610901091738635, -0.1347450738943463, -0.09931886682704588, 11.348812025019848, 0.0008146096131799326, 4.217354490797609e-06, 3.203398771850295e-05, 42.953834439825606, 68.79583450695561, 30.022018943881516, 0.00033806505219653965, 14970.654527469695, 3.2761121068926187, -0.05828554148243644, -0.1085872196785844, 9.1251369866532, 0.0008146096131799326, 4.217354490797609e-06, 3.203398771850295e-05, 43.123781984631314, 69.16264718814608, 30.031266036867713, 0.0013113544309690894, 15211.511336429307, 3.082760306338602, -0.12547528391555796, -0.11443531861656134, 9.433824292413194]}